"workerid","movieID","reactionTime","PArray","AArray","trialNum","expt"
442,5,639,0,1,1,"6:Attn19s"
448,3,724,1,0,1,"6:Attn19s"
420,5,2036,0,1,1,"6:Attn19s"
263,1,643,1,1,1,"6:Attn19s"
461,5,1382,0,1,1,"6:Attn19s"
418,3,1577,1,0,1,"6:Attn19s"
417,3,468,1,0,1,"6:Attn19s"
404,1,1165,1,1,1,"6:Attn19s"
474,5,831,0,1,1,"6:Attn19s"
273,1,1206,1,1,1,"6:Attn19s"
447,3,420,1,0,1,"6:Attn19s"
466,1,988,1,1,1,"6:Attn19s"
413,3,822,1,0,1,"6:Attn19s"
450,7,2758,0,0,1,"6:Attn19s"
439,3,1098,1,0,1,"6:Attn19s"
426,5,1931,0,1,1,"6:Attn19s"
443,3,1319,1,0,1,"6:Attn19s"
408,1,622,1,1,1,"6:Attn19s"
437,1,599,1,1,1,"6:Attn19s"
445,5,1157,0,1,1,"6:Attn19s"
456,5,474,0,1,1,"6:Attn19s"
462,3,1259,1,0,1,"6:Attn19s"
454,7,794,0,0,1,"6:Attn19s"
451,3,536,1,0,1,"6:Attn19s"
424,7,460,0,0,1,"6:Attn19s"
455,1,2438,1,1,1,"6:Attn19s"
465,5,954,0,1,1,"6:Attn19s"
463,3,668,1,0,1,"6:Attn19s"
476,7,884,0,0,1,"6:Attn19s"
2,5,690,0,1,1,"6:Attn19s"
414,3,603,1,0,1,"6:Attn19s"
422,5,663,0,1,1,"6:Attn19s"
419,7,648,0,0,1,"6:Attn19s"
436,5,627,0,1,1,"6:Attn19s"
472,5,740,0,1,1,"6:Attn19s"
433,3,487,1,0,1,"6:Attn19s"
20,3,656,1,0,2,"6:Attn19s"
416,3,439,1,0,2,"6:Attn19s"
431,3,503,1,0,2,"6:Attn19s"
460,1,1006,1,1,2,"6:Attn19s"
448,5,561,0,1,2,"6:Attn19s"
458,7,415,0,0,2,"6:Attn19s"
420,3,571,1,0,2,"6:Attn19s"
461,5,1081,0,1,2,"6:Attn19s"
418,5,973,0,1,2,"6:Attn19s"
417,5,389,0,1,2,"6:Attn19s"
468,5,591,0,1,2,"6:Attn19s"
474,3,669,1,0,2,"6:Attn19s"
444,3,630,1,0,2,"6:Attn19s"
273,5,597,0,1,2,"6:Attn19s"
447,5,567,0,1,2,"6:Attn19s"
469,5,782,0,1,2,"6:Attn19s"
466,1,589,1,1,2,"6:Attn19s"
221,7,1004,0,0,2,"6:Attn19s"
453,1,534,1,1,2,"6:Attn19s"
410,5,842,0,1,2,"6:Attn19s"
411,1,609,1,1,2,"6:Attn19s"
443,1,659,1,1,2,"6:Attn19s"
405,5,2257,0,1,2,"6:Attn19s"
408,3,782,1,0,2,"6:Attn19s"
441,7,1508,0,0,2,"6:Attn19s"
471,1,1969,1,1,2,"6:Attn19s"
451,3,358,1,0,2,"6:Attn19s"
424,5,469,0,1,2,"6:Attn19s"
465,5,290,0,1,2,"6:Attn19s"
463,7,519,0,0,2,"6:Attn19s"
476,5,463,0,1,2,"6:Attn19s"
2,1,521,1,1,2,"6:Attn19s"
414,1,1141,1,1,2,"6:Attn19s"
422,5,584,0,1,2,"6:Attn19s"
419,7,760,0,0,2,"6:Attn19s"
436,7,558,0,0,2,"6:Attn19s"
472,1,682,1,1,2,"6:Attn19s"
438,3,793,1,0,2,"6:Attn19s"
430,3,490,1,0,2,"6:Attn19s"
457,5,1043,0,1,2,"6:Attn19s"
467,3,671,1,0,3,"6:Attn19s"
475,5,734,0,1,3,"6:Attn19s"
428,5,902,0,1,3,"6:Attn19s"
442,7,982,0,0,3,"6:Attn19s"
458,1,694,1,1,3,"6:Attn19s"
468,7,455,0,0,3,"6:Attn19s"
404,3,622,1,0,3,"6:Attn19s"
474,7,652,0,0,3,"6:Attn19s"
440,7,471,0,0,3,"6:Attn19s"
444,5,527,0,1,3,"6:Attn19s"
469,3,366,1,0,3,"6:Attn19s"
466,5,861,0,1,3,"6:Attn19s"
413,1,639,1,1,3,"6:Attn19s"
450,3,1371,1,0,3,"6:Attn19s"
439,1,677,1,1,3,"6:Attn19s"
426,5,565,0,1,3,"6:Attn19s"
453,1,485,1,1,3,"6:Attn19s"
415,5,487,0,1,3,"6:Attn19s"
411,1,754,1,1,3,"6:Attn19s"
449,1,514,1,1,3,"6:Attn19s"
408,7,469,0,0,3,"6:Attn19s"
437,1,744,1,1,3,"6:Attn19s"
445,5,1086,0,1,3,"6:Attn19s"
429,5,756,0,1,3,"6:Attn19s"
435,3,953,1,0,3,"6:Attn19s"
441,7,579,0,0,3,"6:Attn19s"
456,7,479,0,0,3,"6:Attn19s"
462,5,714,0,1,3,"6:Attn19s"
454,5,565,0,1,3,"6:Attn19s"
471,1,558,1,1,3,"6:Attn19s"
473,1,821,1,1,3,"6:Attn19s"
427,5,587,0,1,3,"6:Attn19s"
424,1,486,1,1,3,"6:Attn19s"
465,7,314,0,0,3,"6:Attn19s"
459,1,862,1,1,3,"6:Attn19s"
414,3,617,1,0,3,"6:Attn19s"
419,5,914,0,1,3,"6:Attn19s"
464,3,404,1,0,3,"6:Attn19s"
436,1,539,1,1,3,"6:Attn19s"
472,3,824,1,0,3,"6:Attn19s"
438,7,846,0,0,3,"6:Attn19s"
430,1,626,1,1,3,"6:Attn19s"
433,3,504,1,0,3,"6:Attn19s"
412,7,734,0,0,3,"6:Attn19s"
457,7,1107,0,0,3,"6:Attn19s"
475,5,492,0,1,4,"6:Attn19s"
423,7,1119,0,0,4,"6:Attn19s"
448,7,495,0,0,4,"6:Attn19s"
458,5,439,0,1,4,"6:Attn19s"
420,5,993,0,1,4,"6:Attn19s"
263,1,546,1,1,4,"6:Attn19s"
418,1,1013,1,1,4,"6:Attn19s"
417,1,488,1,1,4,"6:Attn19s"
468,3,620,1,0,4,"6:Attn19s"
474,1,376,1,1,4,"6:Attn19s"
148,7,604,0,0,4,"6:Attn19s"
469,5,849,0,1,4,"6:Attn19s"
466,7,470,0,0,4,"6:Attn19s"
450,1,1061,1,1,4,"6:Attn19s"
421,7,775,0,0,4,"6:Attn19s"
405,3,443,1,0,4,"6:Attn19s"
434,7,563,0,0,4,"6:Attn19s"
409,7,473,0,0,4,"6:Attn19s"
435,1,559,1,1,4,"6:Attn19s"
441,5,675,0,1,4,"6:Attn19s"
462,3,2492,1,0,4,"6:Attn19s"
454,1,580,1,1,4,"6:Attn19s"
432,5,907,0,1,4,"6:Attn19s"
452,3,531,1,0,4,"6:Attn19s"
427,3,402,1,0,4,"6:Attn19s"
424,3,710,1,0,4,"6:Attn19s"
470,1,1538,1,1,4,"6:Attn19s"
463,5,576,0,1,4,"6:Attn19s"
476,5,454,0,1,4,"6:Attn19s"
425,3,466,1,0,4,"6:Attn19s"
2,1,556,1,1,4,"6:Attn19s"
464,5,559,0,1,4,"6:Attn19s"
406,1,918,1,1,4,"6:Attn19s"
436,3,462,1,0,4,"6:Attn19s"
472,1,680,1,1,4,"6:Attn19s"
412,1,472,1,1,4,"6:Attn19s"
467,3,470,1,0,5,"6:Attn19s"
423,7,822,0,0,5,"6:Attn19s"
416,3,511,1,0,5,"6:Attn19s"
442,7,831,0,0,5,"6:Attn19s"
461,1,746,1,1,5,"6:Attn19s"
404,7,900,0,0,5,"6:Attn19s"
469,5,601,0,1,5,"6:Attn19s"
413,5,585,0,1,5,"6:Attn19s"
439,1,739,1,1,5,"6:Attn19s"
426,1,535,1,1,5,"6:Attn19s"
453,7,400,0,0,5,"6:Attn19s"
415,5,638,0,1,5,"6:Attn19s"
421,7,688,0,0,5,"6:Attn19s"
410,7,505,0,0,5,"6:Attn19s"
411,1,500,1,1,5,"6:Attn19s"
408,7,379,0,0,5,"6:Attn19s"
437,7,499,0,0,5,"6:Attn19s"
434,1,471,1,1,5,"6:Attn19s"
462,7,633,0,0,5,"6:Attn19s"
451,5,407,0,1,5,"6:Attn19s"
432,5,689,0,1,5,"6:Attn19s"
452,1,448,1,1,5,"6:Attn19s"
427,1,397,1,1,5,"6:Attn19s"
424,3,422,1,0,5,"6:Attn19s"
470,3,807,1,0,5,"6:Attn19s"
476,3,497,1,0,5,"6:Attn19s"
425,5,443,0,1,5,"6:Attn19s"
414,7,863,0,0,5,"6:Attn19s"
422,3,468,1,0,5,"6:Attn19s"
419,7,687,0,0,5,"6:Attn19s"
406,3,851,1,0,5,"6:Attn19s"
438,1,790,1,1,5,"6:Attn19s"
430,5,533,0,1,5,"6:Attn19s"
433,5,526,0,1,5,"6:Attn19s"
412,7,673,0,0,5,"6:Attn19s"
457,3,1413,1,0,5,"6:Attn19s"
467,5,494,0,1,6,"6:Attn19s"
475,1,765,1,1,6,"6:Attn19s"
20,1,440,1,1,6,"6:Attn19s"
423,3,510,1,0,6,"6:Attn19s"
416,7,617,0,0,6,"6:Attn19s"
458,1,319,1,1,6,"6:Attn19s"
420,7,648,0,0,6,"6:Attn19s"
263,7,564,0,0,6,"6:Attn19s"
418,1,874,1,1,6,"6:Attn19s"
468,1,544,1,1,6,"6:Attn19s"
404,7,762,0,0,6,"6:Attn19s"
474,1,665,1,1,6,"6:Attn19s"
148,7,603,0,0,6,"6:Attn19s"
273,3,440,1,0,6,"6:Attn19s"
469,7,480,0,0,6,"6:Attn19s"
466,5,698,0,1,6,"6:Attn19s"
413,3,400,1,0,6,"6:Attn19s"
221,3,794,1,0,6,"6:Attn19s"
450,1,893,1,1,6,"6:Attn19s"
439,7,758,0,0,6,"6:Attn19s"
453,1,468,1,1,6,"6:Attn19s"
407,7,541,0,0,6,"6:Attn19s"
410,3,478,1,0,6,"6:Attn19s"
443,7,1243,0,0,6,"6:Attn19s"
434,5,457,0,1,6,"6:Attn19s"
445,5,616,0,1,6,"6:Attn19s"
409,3,481,1,0,6,"6:Attn19s"
435,5,576,0,1,6,"6:Attn19s"
441,3,590,1,0,6,"6:Attn19s"
456,1,481,1,1,6,"6:Attn19s"
462,5,525,0,1,6,"6:Attn19s"
454,3,565,1,0,6,"6:Attn19s"
432,5,809,0,1,6,"6:Attn19s"
452,1,438,1,1,6,"6:Attn19s"
427,5,360,0,1,6,"6:Attn19s"
424,7,559,0,0,6,"6:Attn19s"
470,5,953,0,1,6,"6:Attn19s"
463,7,518,0,0,6,"6:Attn19s"
459,3,511,1,0,6,"6:Attn19s"
476,7,510,0,0,6,"6:Attn19s"
2,7,546,0,0,6,"6:Attn19s"
414,7,609,0,0,6,"6:Attn19s"
422,1,494,1,1,6,"6:Attn19s"
419,7,610,0,0,6,"6:Attn19s"
436,3,606,1,0,6,"6:Attn19s"
472,7,656,0,0,6,"6:Attn19s"
430,7,512,0,0,6,"6:Attn19s"
412,3,515,1,0,6,"6:Attn19s"
467,7,543,0,0,7,"6:Attn19s"
416,1,447,1,1,7,"6:Attn19s"
431,7,807,0,0,7,"6:Attn19s"
448,3,483,1,0,7,"6:Attn19s"
458,3,555,1,0,7,"6:Attn19s"
420,5,714,0,1,7,"6:Attn19s"
461,1,1035,1,1,7,"6:Attn19s"
474,7,656,0,0,7,"6:Attn19s"
148,7,545,0,0,7,"6:Attn19s"
444,3,542,1,0,7,"6:Attn19s"
221,7,452,0,0,7,"6:Attn19s"
439,1,587,1,1,7,"6:Attn19s"
426,7,909,0,0,7,"6:Attn19s"
453,3,480,1,0,7,"6:Attn19s"
415,5,551,0,1,7,"6:Attn19s"
407,3,476,1,0,7,"6:Attn19s"
421,5,803,0,1,7,"6:Attn19s"
410,3,483,1,0,7,"6:Attn19s"
443,5,536,0,1,7,"6:Attn19s"
405,3,566,1,0,7,"6:Attn19s"
437,3,496,1,0,7,"6:Attn19s"
409,5,463,0,1,7,"6:Attn19s"
435,3,518,1,0,7,"6:Attn19s"
441,5,499,0,1,7,"6:Attn19s"
462,7,485,0,0,7,"6:Attn19s"
454,3,478,1,0,7,"6:Attn19s"
471,3,466,1,0,7,"6:Attn19s"
451,3,374,1,0,7,"6:Attn19s"
424,7,440,0,0,7,"6:Attn19s"
455,7,1015,0,0,7,"6:Attn19s"
425,3,385,1,0,7,"6:Attn19s"
2,1,1008,1,1,7,"6:Attn19s"
422,7,422,0,0,7,"6:Attn19s"
419,3,214,1,0,7,"6:Attn19s"
472,7,799,0,0,7,"6:Attn19s"
430,3,451,1,0,7,"6:Attn19s"
412,7,668,0,0,7,"6:Attn19s"
457,1,997,1,1,7,"6:Attn19s"
423,3,865,1,0,8,"6:Attn19s"
416,3,415,1,0,8,"6:Attn19s"
428,5,539,0,1,8,"6:Attn19s"
431,1,840,1,1,8,"6:Attn19s"
458,7,590,0,0,8,"6:Attn19s"
263,3,539,1,0,8,"6:Attn19s"
461,7,1452,0,0,8,"6:Attn19s"
418,1,866,1,1,8,"6:Attn19s"
468,3,506,1,0,8,"6:Attn19s"
404,1,627,1,1,8,"6:Attn19s"
444,7,670,0,0,8,"6:Attn19s"
273,3,421,1,0,8,"6:Attn19s"
469,7,518,0,0,8,"6:Attn19s"
221,5,464,0,1,8,"6:Attn19s"
453,5,443,0,1,8,"6:Attn19s"
410,7,559,0,0,8,"6:Attn19s"
411,5,437,0,1,8,"6:Attn19s"
443,7,512,0,0,8,"6:Attn19s"
405,1,585,1,1,8,"6:Attn19s"
408,5,501,0,1,8,"6:Attn19s"
445,3,805,1,0,8,"6:Attn19s"
429,5,697,0,1,8,"6:Attn19s"
435,1,511,1,1,8,"6:Attn19s"
462,7,1000,0,0,8,"6:Attn19s"
471,5,463,0,1,8,"6:Attn19s"
473,3,427,1,0,8,"6:Attn19s"
452,5,549,0,1,8,"6:Attn19s"
424,5,527,0,1,8,"6:Attn19s"
465,5,405,0,1,8,"6:Attn19s"
459,7,584,0,0,8,"6:Attn19s"
476,7,584,0,0,8,"6:Attn19s"
425,7,510,0,0,8,"6:Attn19s"
2,7,592,0,0,8,"6:Attn19s"
464,3,1233,1,0,8,"6:Attn19s"
436,5,511,0,1,8,"6:Attn19s"
438,5,569,0,1,8,"6:Attn19s"
430,3,494,1,0,8,"6:Attn19s"
433,7,489,0,0,8,"6:Attn19s"
412,3,592,1,0,8,"6:Attn19s"
457,3,1032,1,0,8,"6:Attn19s"
475,7,1003,0,0,9,"6:Attn19s"
431,3,695,1,0,9,"6:Attn19s"
442,1,671,1,1,9,"6:Attn19s"
458,3,358,1,0,9,"6:Attn19s"
420,1,404,1,1,9,"6:Attn19s"
263,1,468,1,1,9,"6:Attn19s"
468,1,581,1,1,9,"6:Attn19s"
466,3,617,1,0,9,"6:Attn19s"
413,1,615,1,1,9,"6:Attn19s"
439,5,602,0,1,9,"6:Attn19s"
415,7,1255,0,0,9,"6:Attn19s"
421,7,548,0,0,9,"6:Attn19s"
449,5,764,0,1,9,"6:Attn19s"
437,5,537,0,1,9,"6:Attn19s"
429,5,771,0,1,9,"6:Attn19s"
435,5,687,0,1,9,"6:Attn19s"
456,1,553,1,1,9,"6:Attn19s"
462,1,437,1,1,9,"6:Attn19s"
471,3,428,1,0,9,"6:Attn19s"
432,3,704,1,0,9,"6:Attn19s"
473,3,350,1,0,9,"6:Attn19s"
452,7,429,0,0,9,"6:Attn19s"
427,1,522,1,1,9,"6:Attn19s"
446,1,627,1,1,9,"6:Attn19s"
459,5,552,0,1,9,"6:Attn19s"
414,7,663,0,0,9,"6:Attn19s"
422,1,438,1,1,9,"6:Attn19s"
464,1,435,1,1,9,"6:Attn19s"
436,3,581,1,0,9,"6:Attn19s"
438,7,687,0,0,9,"6:Attn19s"
430,1,677,1,1,9,"6:Attn19s"
457,1,926,1,1,9,"6:Attn19s"
467,1,415,1,1,10,"6:Attn19s"
20,5,437,0,1,10,"6:Attn19s"
423,5,975,0,1,10,"6:Attn19s"
428,1,692,1,1,10,"6:Attn19s"
431,7,582,0,0,10,"6:Attn19s"
460,5,1038,0,1,10,"6:Attn19s"
458,1,342,1,1,10,"6:Attn19s"
263,3,434,1,0,10,"6:Attn19s"
461,5,1001,0,1,10,"6:Attn19s"
418,3,666,1,0,10,"6:Attn19s"
417,7,575,0,0,10,"6:Attn19s"
444,5,549,0,1,10,"6:Attn19s"
447,3,915,1,0,10,"6:Attn19s"
469,3,868,1,0,10,"6:Attn19s"
426,1,671,1,1,10,"6:Attn19s"
453,5,393,0,1,10,"6:Attn19s"
415,5,407,0,1,10,"6:Attn19s"
443,1,388,1,1,10,"6:Attn19s"
449,3,482,1,0,10,"6:Attn19s"
405,7,471,0,0,10,"6:Attn19s"
408,1,637,1,1,10,"6:Attn19s"
434,7,681,0,0,10,"6:Attn19s"
445,7,689,0,0,10,"6:Attn19s"
429,5,667,0,1,10,"6:Attn19s"
435,7,501,0,0,10,"6:Attn19s"
471,7,369,0,0,10,"6:Attn19s"
451,1,374,1,1,10,"6:Attn19s"
473,5,371,0,1,10,"6:Attn19s"
452,3,463,1,0,10,"6:Attn19s"
427,5,400,0,1,10,"6:Attn19s"
446,1,602,1,1,10,"6:Attn19s"
455,3,695,1,0,10,"6:Attn19s"
470,1,957,1,1,10,"6:Attn19s"
425,1,432,1,1,10,"6:Attn19s"
414,3,665,1,0,10,"6:Attn19s"
422,7,569,0,0,10,"6:Attn19s"
464,7,464,0,0,10,"6:Attn19s"
436,5,580,0,1,10,"6:Attn19s"
430,7,544,0,0,10,"6:Attn19s"
433,1,635,1,1,10,"6:Attn19s"
412,5,2492,0,1,10,"6:Attn19s"
428,7,525,0,0,11,"6:Attn19s"
431,3,496,1,0,11,"6:Attn19s"
442,1,670,1,1,11,"6:Attn19s"
448,1,498,1,1,11,"6:Attn19s"
263,7,426,0,0,11,"6:Attn19s"
418,1,788,1,1,11,"6:Attn19s"
468,3,482,1,0,11,"6:Attn19s"
404,7,654,0,0,11,"6:Attn19s"
440,1,743,1,1,11,"6:Attn19s"
444,5,502,0,1,11,"6:Attn19s"
273,1,483,1,1,11,"6:Attn19s"
447,5,566,0,1,11,"6:Attn19s"
413,3,656,1,0,11,"6:Attn19s"
450,5,1005,0,1,11,"6:Attn19s"
426,5,616,0,1,11,"6:Attn19s"
415,3,489,1,0,11,"6:Attn19s"
407,5,528,0,1,11,"6:Attn19s"
421,1,617,1,1,11,"6:Attn19s"
410,1,537,1,1,11,"6:Attn19s"
411,3,509,1,0,11,"6:Attn19s"
443,7,492,0,0,11,"6:Attn19s"
449,1,529,1,1,11,"6:Attn19s"
405,3,631,1,0,11,"6:Attn19s"
437,7,579,0,0,11,"6:Attn19s"
445,1,672,1,1,11,"6:Attn19s"
409,7,714,0,0,11,"6:Attn19s"
454,7,632,0,0,11,"6:Attn19s"
451,5,423,0,1,11,"6:Attn19s"
432,7,857,0,0,11,"6:Attn19s"
473,5,395,0,1,11,"6:Attn19s"
446,5,698,0,1,11,"6:Attn19s"
424,1,1190,1,1,11,"6:Attn19s"
470,3,938,1,0,11,"6:Attn19s"
463,1,406,1,1,11,"6:Attn19s"
459,7,463,0,0,11,"6:Attn19s"
425,5,401,0,1,11,"6:Attn19s"
2,5,401,0,1,11,"6:Attn19s"
414,5,577,0,1,11,"6:Attn19s"
419,1,674,1,1,11,"6:Attn19s"
464,1,480,1,1,11,"6:Attn19s"
472,3,711,1,0,11,"6:Attn19s"
438,1,569,1,1,11,"6:Attn19s"
433,1,635,1,1,11,"6:Attn19s"
467,5,463,0,1,12,"6:Attn19s"
416,5,718,0,1,12,"6:Attn19s"
428,3,476,1,0,12,"6:Attn19s"
431,1,647,1,1,12,"6:Attn19s"
442,5,487,0,1,12,"6:Attn19s"
460,3,464,1,0,12,"6:Attn19s"
448,5,571,0,1,12,"6:Attn19s"
420,3,835,1,0,12,"6:Attn19s"
461,1,841,1,1,12,"6:Attn19s"
417,5,537,0,1,12,"6:Attn19s"
468,3,416,1,0,12,"6:Attn19s"
404,3,724,1,0,12,"6:Attn19s"
474,3,358,1,0,12,"6:Attn19s"
148,7,628,0,0,12,"6:Attn19s"
273,5,615,0,1,12,"6:Attn19s"
466,3,487,1,0,12,"6:Attn19s"
221,1,579,1,1,12,"6:Attn19s"
439,1,557,1,1,12,"6:Attn19s"
426,1,567,1,1,12,"6:Attn19s"
453,3,414,1,0,12,"6:Attn19s"
407,7,485,0,0,12,"6:Attn19s"
421,3,707,1,0,12,"6:Attn19s"
410,5,486,0,1,12,"6:Attn19s"
411,1,509,1,1,12,"6:Attn19s"
443,3,574,1,0,12,"6:Attn19s"
449,5,553,0,1,12,"6:Attn19s"
405,1,1626,1,1,12,"6:Attn19s"
408,3,486,1,0,12,"6:Attn19s"
434,5,475,0,1,12,"6:Attn19s"
445,1,553,1,1,12,"6:Attn19s"
409,1,495,1,1,12,"6:Attn19s"
429,7,508,0,0,12,"6:Attn19s"
435,5,480,0,1,12,"6:Attn19s"
441,7,898,0,0,12,"6:Attn19s"
456,1,543,1,1,12,"6:Attn19s"
451,5,407,0,1,12,"6:Attn19s"
432,1,647,1,1,12,"6:Attn19s"
473,1,435,1,1,12,"6:Attn19s"
452,5,444,0,1,12,"6:Attn19s"
427,7,517,0,0,12,"6:Attn19s"
446,7,509,0,0,12,"6:Attn19s"
465,7,405,0,0,12,"6:Attn19s"
459,5,519,0,1,12,"6:Attn19s"
476,3,409,1,0,12,"6:Attn19s"
414,7,655,0,0,12,"6:Attn19s"
464,1,823,1,1,12,"6:Attn19s"
406,7,684,0,0,12,"6:Attn19s"
436,1,575,1,1,12,"6:Attn19s"
472,7,568,0,0,12,"6:Attn19s"
457,5,828,0,1,12,"6:Attn19s"
467,3,607,1,0,13,"6:Attn19s"
475,5,478,0,1,13,"6:Attn19s"
416,7,548,0,0,13,"6:Attn19s"
428,3,436,1,0,13,"6:Attn19s"
442,5,480,0,1,13,"6:Attn19s"
263,7,404,0,0,13,"6:Attn19s"
461,3,714,1,0,13,"6:Attn19s"
418,7,964,0,0,13,"6:Attn19s"
474,7,537,0,0,13,"6:Attn19s"
148,3,530,1,0,13,"6:Attn19s"
273,7,409,0,0,13,"6:Attn19s"
450,7,605,0,0,13,"6:Attn19s"
439,3,530,1,0,13,"6:Attn19s"
426,1,529,1,1,13,"6:Attn19s"
453,1,418,1,1,13,"6:Attn19s"
415,3,535,1,0,13,"6:Attn19s"
407,1,467,1,1,13,"6:Attn19s"
435,3,593,1,0,13,"6:Attn19s"
456,5,463,0,1,13,"6:Attn19s"
471,1,387,1,1,13,"6:Attn19s"
427,7,421,0,0,13,"6:Attn19s"
446,3,680,1,0,13,"6:Attn19s"
424,1,607,1,1,13,"6:Attn19s"
455,3,631,1,0,13,"6:Attn19s"
459,5,399,0,1,13,"6:Attn19s"
425,1,421,1,1,13,"6:Attn19s"
414,1,574,1,1,13,"6:Attn19s"
422,3,558,1,0,13,"6:Attn19s"
464,5,479,0,1,13,"6:Attn19s"
472,3,615,1,0,13,"6:Attn19s"
433,7,424,0,0,13,"6:Attn19s"
467,5,534,0,1,14,"6:Attn19s"
423,1,2359,1,1,14,"6:Attn19s"
416,7,587,0,0,14,"6:Attn19s"
460,7,499,0,0,14,"6:Attn19s"
448,3,547,1,0,14,"6:Attn19s"
420,7,689,0,0,14,"6:Attn19s"
461,7,810,0,0,14,"6:Attn19s"
417,1,544,1,1,14,"6:Attn19s"
148,3,579,1,0,14,"6:Attn19s"
447,7,488,0,0,14,"6:Attn19s"
469,5,409,0,1,14,"6:Attn19s"
466,3,425,1,0,14,"6:Attn19s"
413,3,591,1,0,14,"6:Attn19s"
426,7,593,0,0,14,"6:Attn19s"
407,5,502,0,1,14,"6:Attn19s"
443,7,1332,0,0,14,"6:Attn19s"
449,7,705,0,0,14,"6:Attn19s"
445,3,625,1,0,14,"6:Attn19s"
409,3,564,1,0,14,"6:Attn19s"
429,7,561,0,0,14,"6:Attn19s"
454,5,538,0,1,14,"6:Attn19s"
471,1,451,1,1,14,"6:Attn19s"
432,7,1259,0,0,14,"6:Attn19s"
452,5,454,0,1,14,"6:Attn19s"
427,3,411,1,0,14,"6:Attn19s"
455,5,599,0,1,14,"6:Attn19s"
470,3,731,1,0,14,"6:Attn19s"
465,1,398,1,1,14,"6:Attn19s"
459,5,457,0,1,14,"6:Attn19s"
476,5,498,0,1,14,"6:Attn19s"
425,1,431,1,1,14,"6:Attn19s"
2,1,403,1,1,14,"6:Attn19s"
414,3,541,1,0,14,"6:Attn19s"
422,5,503,0,1,14,"6:Attn19s"
419,1,496,1,1,14,"6:Attn19s"
464,5,1254,0,1,14,"6:Attn19s"
406,1,669,1,1,14,"6:Attn19s"
436,7,469,0,0,14,"6:Attn19s"
412,3,434,1,0,14,"6:Attn19s"
457,7,967,0,0,14,"6:Attn19s"
467,3,472,1,0,15,"6:Attn19s"
475,5,597,0,1,15,"6:Attn19s"
20,5,406,0,1,15,"6:Attn19s"
416,5,563,0,1,15,"6:Attn19s"
428,5,848,0,1,15,"6:Attn19s"
460,3,363,1,0,15,"6:Attn19s"
458,7,725,0,0,15,"6:Attn19s"
420,7,488,0,0,15,"6:Attn19s"
263,3,568,1,0,15,"6:Attn19s"
461,3,762,1,0,15,"6:Attn19s"
418,5,759,0,1,15,"6:Attn19s"
468,5,409,0,1,15,"6:Attn19s"
404,3,553,1,0,15,"6:Attn19s"
474,3,514,1,0,15,"6:Attn19s"
148,7,589,0,0,15,"6:Attn19s"
440,7,472,0,0,15,"6:Attn19s"
273,5,423,0,1,15,"6:Attn19s"
447,1,443,1,1,15,"6:Attn19s"
413,1,1103,1,1,15,"6:Attn19s"
453,5,981,0,1,15,"6:Attn19s"
443,5,575,0,1,15,"6:Attn19s"
449,5,426,0,1,15,"6:Attn19s"
408,7,385,0,0,15,"6:Attn19s"
462,3,1004,1,0,15,"6:Attn19s"
452,7,380,0,0,15,"6:Attn19s"
446,7,435,0,0,15,"6:Attn19s"
455,1,664,1,1,15,"6:Attn19s"
470,3,754,1,0,15,"6:Attn19s"
465,7,397,0,0,15,"6:Attn19s"
2,5,628,0,1,15,"6:Attn19s"
419,7,440,0,0,15,"6:Attn19s"
464,1,595,1,1,15,"6:Attn19s"
406,3,528,1,0,15,"6:Attn19s"
472,5,854,0,1,15,"6:Attn19s"
433,1,466,1,1,15,"6:Attn19s"
412,5,502,0,1,15,"6:Attn19s"
457,1,736,1,1,15,"6:Attn19s"
20,7,510,0,0,16,"6:Attn19s"
423,5,607,0,1,16,"6:Attn19s"
416,3,618,1,0,16,"6:Attn19s"
431,5,887,0,1,16,"6:Attn19s"
448,3,981,1,0,16,"6:Attn19s"
420,5,539,0,1,16,"6:Attn19s"
417,1,536,1,1,16,"6:Attn19s"
404,5,623,0,1,16,"6:Attn19s"
474,1,385,1,1,16,"6:Attn19s"
447,7,465,0,0,16,"6:Attn19s"
469,7,419,0,0,16,"6:Attn19s"
466,5,744,0,1,16,"6:Attn19s"
413,7,518,0,0,16,"6:Attn19s"
221,1,458,1,1,16,"6:Attn19s"
450,1,735,1,1,16,"6:Attn19s"
453,7,369,0,0,16,"6:Attn19s"
449,7,434,0,0,16,"6:Attn19s"
405,3,441,1,0,16,"6:Attn19s"
437,7,526,0,0,16,"6:Attn19s"
409,5,573,0,1,16,"6:Attn19s"
441,5,559,0,1,16,"6:Attn19s"
456,3,673,1,0,16,"6:Attn19s"
473,1,538,1,1,16,"6:Attn19s"
446,1,743,1,1,16,"6:Attn19s"
470,7,757,0,0,16,"6:Attn19s"
465,3,380,1,0,16,"6:Attn19s"
459,7,427,0,0,16,"6:Attn19s"
476,1,446,1,1,16,"6:Attn19s"
2,3,440,1,0,16,"6:Attn19s"
406,7,582,0,0,16,"6:Attn19s"
436,1,503,1,1,16,"6:Attn19s"
438,1,760,1,1,16,"6:Attn19s"
430,5,426,0,1,16,"6:Attn19s"
457,3,726,1,0,16,"6:Attn19s"
467,7,814,0,0,17,"6:Attn19s"
475,7,1055,0,0,17,"6:Attn19s"
428,3,694,1,0,17,"6:Attn19s"
431,5,504,0,1,17,"6:Attn19s"
442,3,744,1,0,17,"6:Attn19s"
460,5,572,0,1,17,"6:Attn19s"
420,5,614,0,1,17,"6:Attn19s"
263,3,341,1,0,17,"6:Attn19s"
418,7,698,0,0,17,"6:Attn19s"
404,5,613,0,1,17,"6:Attn19s"
148,3,518,1,0,17,"6:Attn19s"
447,7,432,0,0,17,"6:Attn19s"
466,7,485,0,0,17,"6:Attn19s"
413,5,552,0,1,17,"6:Attn19s"
221,3,446,1,0,17,"6:Attn19s"
450,7,587,0,0,17,"6:Attn19s"
426,7,519,0,0,17,"6:Attn19s"
415,7,583,0,0,17,"6:Attn19s"
407,7,702,0,0,17,"6:Attn19s"
410,7,464,0,0,17,"6:Attn19s"
449,7,696,0,0,17,"6:Attn19s"
405,5,441,0,1,17,"6:Attn19s"
434,3,519,1,0,17,"6:Attn19s"
445,5,694,0,1,17,"6:Attn19s"
409,1,472,1,1,17,"6:Attn19s"
435,3,463,1,0,17,"6:Attn19s"
441,7,482,0,0,17,"6:Attn19s"
456,1,442,1,1,17,"6:Attn19s"
454,7,534,0,0,17,"6:Attn19s"
471,3,335,1,0,17,"6:Attn19s"
452,3,351,1,0,17,"6:Attn19s"
455,3,600,1,0,17,"6:Attn19s"
459,3,431,1,0,17,"6:Attn19s"
476,3,579,1,0,17,"6:Attn19s"
422,3,489,1,0,17,"6:Attn19s"
472,1,591,1,1,17,"6:Attn19s"
430,1,474,1,1,17,"6:Attn19s"
433,5,402,0,1,17,"6:Attn19s"
412,3,605,1,0,17,"6:Attn19s"
457,1,783,1,1,17,"6:Attn19s"
467,7,591,0,0,18,"6:Attn19s"
20,5,547,0,1,18,"6:Attn19s"
423,7,734,0,0,18,"6:Attn19s"
416,3,723,1,0,18,"6:Attn19s"
448,5,556,0,1,18,"6:Attn19s"
420,3,504,1,0,18,"6:Attn19s"
263,5,405,0,1,18,"6:Attn19s"
461,5,955,0,1,18,"6:Attn19s"
440,3,503,1,0,18,"6:Attn19s"
273,7,375,0,0,18,"6:Attn19s"
447,3,712,1,0,18,"6:Attn19s"
466,1,523,1,1,18,"6:Attn19s"
221,3,440,1,0,18,"6:Attn19s"
439,3,520,1,0,18,"6:Attn19s"
415,1,464,1,1,18,"6:Attn19s"
411,5,484,0,1,18,"6:Attn19s"
449,3,412,1,0,18,"6:Attn19s"
408,7,402,0,0,18,"6:Attn19s"
434,1,473,1,1,18,"6:Attn19s"
445,7,450,0,0,18,"6:Attn19s"
429,7,511,0,0,18,"6:Attn19s"
435,1,485,1,1,18,"6:Attn19s"
454,1,536,1,1,18,"6:Attn19s"
451,7,440,0,0,18,"6:Attn19s"
432,7,1165,0,0,18,"6:Attn19s"
452,1,518,1,1,18,"6:Attn19s"
446,7,518,0,0,18,"6:Attn19s"
424,7,559,0,0,18,"6:Attn19s"
470,1,736,1,1,18,"6:Attn19s"
465,1,390,1,1,18,"6:Attn19s"
463,3,480,1,0,18,"6:Attn19s"
476,3,519,1,0,18,"6:Attn19s"
425,5,533,0,1,18,"6:Attn19s"
2,3,401,1,0,18,"6:Attn19s"
414,5,718,0,1,18,"6:Attn19s"
464,3,678,1,0,18,"6:Attn19s"
406,3,1122,1,0,18,"6:Attn19s"
436,7,475,0,0,18,"6:Attn19s"
438,1,607,1,1,18,"6:Attn19s"
430,3,394,1,0,18,"6:Attn19s"
433,5,550,0,1,18,"6:Attn19s"
412,3,484,1,0,18,"6:Attn19s"
457,7,665,0,0,18,"6:Attn19s"
20,3,428,1,0,19,"6:Attn19s"
428,1,1037,1,1,19,"6:Attn19s"
263,5,396,0,1,19,"6:Attn19s"
417,5,474,0,1,19,"6:Attn19s"
404,1,978,1,1,19,"6:Attn19s"
440,1,432,1,1,19,"6:Attn19s"
444,1,454,1,1,19,"6:Attn19s"
273,7,743,0,0,19,"6:Attn19s"
447,1,454,1,1,19,"6:Attn19s"
469,7,421,0,0,19,"6:Attn19s"
413,7,631,0,0,19,"6:Attn19s"
221,3,827,1,0,19,"6:Attn19s"
450,1,848,1,1,19,"6:Attn19s"
421,7,511,0,0,19,"6:Attn19s"
443,1,554,1,1,19,"6:Attn19s"
437,1,586,1,1,19,"6:Attn19s"
434,5,454,0,1,19,"6:Attn19s"
409,1,613,1,1,19,"6:Attn19s"
435,5,507,0,1,19,"6:Attn19s"
454,5,501,0,1,19,"6:Attn19s"
471,5,672,0,1,19,"6:Attn19s"
451,7,358,0,0,19,"6:Attn19s"
473,3,461,1,0,19,"6:Attn19s"
446,5,531,0,1,19,"6:Attn19s"
424,3,367,1,0,19,"6:Attn19s"
2,3,423,1,0,19,"6:Attn19s"
422,5,535,0,1,19,"6:Attn19s"
419,1,688,1,1,19,"6:Attn19s"
406,3,560,1,0,19,"6:Attn19s"
472,5,558,0,1,19,"6:Attn19s"
430,7,497,0,0,19,"6:Attn19s"
433,3,554,1,0,19,"6:Attn19s"
20,5,456,0,1,20,"6:Attn19s"
428,5,576,0,1,20,"6:Attn19s"
442,1,600,1,1,20,"6:Attn19s"
460,5,443,0,1,20,"6:Attn19s"
448,1,499,1,1,20,"6:Attn19s"
458,7,887,0,0,20,"6:Attn19s"
420,7,581,0,0,20,"6:Attn19s"
461,7,1467,0,0,20,"6:Attn19s"
417,7,433,0,0,20,"6:Attn19s"
468,1,564,1,1,20,"6:Attn19s"
474,1,483,1,1,20,"6:Attn19s"
444,7,463,0,0,20,"6:Attn19s"
273,1,423,1,1,20,"6:Attn19s"
447,7,420,0,0,20,"6:Attn19s"
469,7,463,0,0,20,"6:Attn19s"
413,5,622,0,1,20,"6:Attn19s"
450,1,453,1,1,20,"6:Attn19s"
453,7,418,0,0,20,"6:Attn19s"
407,3,446,1,0,20,"6:Attn19s"
421,1,728,1,1,20,"6:Attn19s"
410,7,466,0,0,20,"6:Attn19s"
411,5,500,0,1,20,"6:Attn19s"
443,1,657,1,1,20,"6:Attn19s"
449,5,434,0,1,20,"6:Attn19s"
405,1,526,1,1,20,"6:Attn19s"
408,5,407,0,1,20,"6:Attn19s"
437,7,478,0,0,20,"6:Attn19s"
441,1,643,1,1,20,"6:Attn19s"
456,3,421,1,0,20,"6:Attn19s"
451,7,375,0,0,20,"6:Attn19s"
432,5,786,0,1,20,"6:Attn19s"
427,5,492,0,1,20,"6:Attn19s"
465,1,347,1,1,20,"6:Attn19s"
463,3,582,1,0,20,"6:Attn19s"
459,1,429,1,1,20,"6:Attn19s"
425,5,419,0,1,20,"6:Attn19s"
2,7,607,0,0,20,"6:Attn19s"
414,5,615,0,1,20,"6:Attn19s"
464,7,1480,0,0,20,"6:Attn19s"
406,5,669,0,1,20,"6:Attn19s"
436,7,414,0,0,20,"6:Attn19s"
416,7,628,0,0,21,"6:Attn19s"
428,1,430,1,1,21,"6:Attn19s"
460,7,466,0,0,21,"6:Attn19s"
448,1,464,1,1,21,"6:Attn19s"
458,5,382,0,1,21,"6:Attn19s"
418,1,738,1,1,21,"6:Attn19s"
417,3,438,1,0,21,"6:Attn19s"
474,3,318,1,0,21,"6:Attn19s"
273,1,330,1,1,21,"6:Attn19s"
447,5,475,0,1,21,"6:Attn19s"
413,7,568,0,0,21,"6:Attn19s"
450,3,654,1,0,21,"6:Attn19s"
426,3,543,1,0,21,"6:Attn19s"
415,7,519,0,0,21,"6:Attn19s"
407,5,1184,0,1,21,"6:Attn19s"
421,3,556,1,0,21,"6:Attn19s"
411,7,407,0,0,21,"6:Attn19s"
443,5,1137,0,1,21,"6:Attn19s"
408,3,492,1,0,21,"6:Attn19s"
434,7,429,0,0,21,"6:Attn19s"
429,1,444,1,1,21,"6:Attn19s"
456,3,453,1,0,21,"6:Attn19s"
462,1,732,1,1,21,"6:Attn19s"
471,3,538,1,0,21,"6:Attn19s"
451,7,423,0,0,21,"6:Attn19s"
452,1,381,1,1,21,"6:Attn19s"
446,1,523,1,1,21,"6:Attn19s"
424,3,375,1,0,21,"6:Attn19s"
455,7,552,0,0,21,"6:Attn19s"
465,3,508,1,0,21,"6:Attn19s"
463,7,478,0,0,21,"6:Attn19s"
459,3,433,1,0,21,"6:Attn19s"
414,1,1091,1,1,21,"6:Attn19s"
436,5,463,0,1,21,"6:Attn19s"
433,1,463,1,1,21,"6:Attn19s"
457,3,730,1,0,21,"6:Attn19s"
20,3,419,1,0,22,"6:Attn19s"
416,5,576,0,1,22,"6:Attn19s"
428,1,397,1,1,22,"6:Attn19s"
442,3,687,1,0,22,"6:Attn19s"
460,5,475,0,1,22,"6:Attn19s"
448,1,600,1,1,22,"6:Attn19s"
420,1,583,1,1,22,"6:Attn19s"
263,5,427,0,1,22,"6:Attn19s"
418,7,777,0,0,22,"6:Attn19s"
474,7,277,0,0,22,"6:Attn19s"
148,5,610,0,1,22,"6:Attn19s"
444,3,463,1,0,22,"6:Attn19s"
447,1,1343,1,1,22,"6:Attn19s"
469,1,582,1,1,22,"6:Attn19s"
466,7,549,0,0,22,"6:Attn19s"
439,5,539,0,1,22,"6:Attn19s"
426,3,436,1,0,22,"6:Attn19s"
407,3,868,1,0,22,"6:Attn19s"
410,7,529,0,0,22,"6:Attn19s"
443,3,463,1,0,22,"6:Attn19s"
449,3,454,1,0,22,"6:Attn19s"
437,7,489,0,0,22,"6:Attn19s"
429,1,530,1,1,22,"6:Attn19s"
435,1,469,1,1,22,"6:Attn19s"
456,1,500,1,1,22,"6:Attn19s"
462,7,509,0,0,22,"6:Attn19s"
454,7,372,0,0,22,"6:Attn19s"
432,1,1034,1,1,22,"6:Attn19s"
473,7,412,0,0,22,"6:Attn19s"
427,3,444,1,0,22,"6:Attn19s"
455,3,567,1,0,22,"6:Attn19s"
463,3,665,1,0,22,"6:Attn19s"
406,5,585,0,1,22,"6:Attn19s"
430,5,535,0,1,22,"6:Attn19s"
433,3,494,1,0,22,"6:Attn19s"
412,1,1220,1,1,22,"6:Attn19s"
457,5,842,0,1,22,"6:Attn19s"
475,7,998,0,0,23,"6:Attn19s"
20,7,479,0,0,23,"6:Attn19s"
423,3,527,1,0,23,"6:Attn19s"
428,7,517,0,0,23,"6:Attn19s"
431,7,679,0,0,23,"6:Attn19s"
460,1,549,1,1,23,"6:Attn19s"
448,1,558,1,1,23,"6:Attn19s"
458,3,837,1,0,23,"6:Attn19s"
420,1,438,1,1,23,"6:Attn19s"
417,3,457,1,0,23,"6:Attn19s"
468,7,381,0,0,23,"6:Attn19s"
404,5,1313,0,1,23,"6:Attn19s"
474,7,297,0,0,23,"6:Attn19s"
148,5,444,0,1,23,"6:Attn19s"
440,1,488,1,1,23,"6:Attn19s"
273,1,374,1,1,23,"6:Attn19s"
447,5,612,0,1,23,"6:Attn19s"
466,3,534,1,0,23,"6:Attn19s"
221,1,425,1,1,23,"6:Attn19s"
450,7,2694,0,0,23,"6:Attn19s"
439,3,626,1,0,23,"6:Attn19s"
426,3,597,1,0,23,"6:Attn19s"
453,7,427,0,0,23,"6:Attn19s"
415,1,495,1,1,23,"6:Attn19s"
421,3,938,1,0,23,"6:Attn19s"
443,1,418,1,1,23,"6:Attn19s"
405,5,431,0,1,23,"6:Attn19s"
445,3,478,1,0,23,"6:Attn19s"
409,7,738,0,0,23,"6:Attn19s"
429,1,423,1,1,23,"6:Attn19s"
441,5,663,0,1,23,"6:Attn19s"
462,1,574,1,1,23,"6:Attn19s"
454,3,408,1,0,23,"6:Attn19s"
471,3,377,1,0,23,"6:Attn19s"
432,5,1205,0,1,23,"6:Attn19s"
473,1,416,1,1,23,"6:Attn19s"
427,1,607,1,1,23,"6:Attn19s"
424,5,495,0,1,23,"6:Attn19s"
455,5,600,0,1,23,"6:Attn19s"
470,7,758,0,0,23,"6:Attn19s"
465,7,390,0,0,23,"6:Attn19s"
463,1,560,1,1,23,"6:Attn19s"
425,3,443,1,0,23,"6:Attn19s"
2,1,418,1,1,23,"6:Attn19s"
422,3,513,1,0,23,"6:Attn19s"
419,1,468,1,1,23,"6:Attn19s"
464,5,487,0,1,23,"6:Attn19s"
433,5,421,0,1,23,"6:Attn19s"
475,3,1400,1,0,24,"6:Attn19s"
20,1,582,1,1,24,"6:Attn19s"
423,3,479,1,0,24,"6:Attn19s"
416,1,602,1,1,24,"6:Attn19s"
460,3,428,1,0,24,"6:Attn19s"
448,3,453,1,0,24,"6:Attn19s"
458,3,678,1,0,24,"6:Attn19s"
420,3,676,1,0,24,"6:Attn19s"
263,7,530,0,0,24,"6:Attn19s"
461,3,1225,1,0,24,"6:Attn19s"
417,5,538,0,1,24,"6:Attn19s"
440,3,416,1,0,24,"6:Attn19s"
444,7,406,0,0,24,"6:Attn19s"
469,1,392,1,1,24,"6:Attn19s"
221,5,519,0,1,24,"6:Attn19s"
439,7,559,0,0,24,"6:Attn19s"
415,3,480,1,0,24,"6:Attn19s"
407,3,486,1,0,24,"6:Attn19s"
410,3,538,1,0,24,"6:Attn19s"
411,5,556,0,1,24,"6:Attn19s"
405,3,436,1,0,24,"6:Attn19s"
408,1,379,1,1,24,"6:Attn19s"
434,1,536,1,1,24,"6:Attn19s"
445,1,629,1,1,24,"6:Attn19s"
409,3,717,1,0,24,"6:Attn19s"
441,3,483,1,0,24,"6:Attn19s"
454,1,600,1,1,24,"6:Attn19s"
471,7,421,0,0,24,"6:Attn19s"
451,1,393,1,1,24,"6:Attn19s"
432,1,672,1,1,24,"6:Attn19s"
473,1,363,1,1,24,"6:Attn19s"
452,7,520,0,0,24,"6:Attn19s"
424,5,391,0,1,24,"6:Attn19s"
455,7,568,0,0,24,"6:Attn19s"
470,5,765,0,1,24,"6:Attn19s"
463,5,503,0,1,24,"6:Attn19s"
476,5,508,0,1,24,"6:Attn19s"
422,3,492,1,0,24,"6:Attn19s"
464,5,445,0,1,24,"6:Attn19s"
406,5,1089,0,1,24,"6:Attn19s"
438,7,514,0,0,24,"6:Attn19s"
430,3,403,1,0,24,"6:Attn19s"
433,1,417,1,1,24,"6:Attn19s"
412,1,657,1,1,24,"6:Attn19s"
475,3,557,1,0,25,"6:Attn19s"
20,7,399,0,0,25,"6:Attn19s"
428,7,462,0,0,25,"6:Attn19s"
431,7,647,0,0,25,"6:Attn19s"
442,7,497,0,0,25,"6:Attn19s"
458,7,567,0,0,25,"6:Attn19s"
420,7,407,0,0,25,"6:Attn19s"
461,1,1212,1,1,25,"6:Attn19s"
417,5,433,0,1,25,"6:Attn19s"
468,7,738,0,0,25,"6:Attn19s"
404,3,1080,1,0,25,"6:Attn19s"
148,1,604,1,1,25,"6:Attn19s"
444,7,494,0,0,25,"6:Attn19s"
466,5,657,0,1,25,"6:Attn19s"
450,3,621,1,0,25,"6:Attn19s"
439,5,511,0,1,25,"6:Attn19s"
426,5,505,0,1,25,"6:Attn19s"
453,1,411,1,1,25,"6:Attn19s"
421,5,649,0,1,25,"6:Attn19s"
437,5,481,0,1,25,"6:Attn19s"
434,3,423,1,0,25,"6:Attn19s"
435,5,495,0,1,25,"6:Attn19s"
456,7,438,0,0,25,"6:Attn19s"
462,3,975,1,0,25,"6:Attn19s"
446,1,507,1,1,25,"6:Attn19s"
455,5,615,0,1,25,"6:Attn19s"
470,5,764,0,1,25,"6:Attn19s"
463,3,455,1,0,25,"6:Attn19s"
459,7,487,0,0,25,"6:Attn19s"
476,1,486,1,1,25,"6:Attn19s"
2,3,691,1,0,25,"6:Attn19s"
422,1,387,1,1,25,"6:Attn19s"
419,5,761,0,1,25,"6:Attn19s"
406,7,811,0,0,25,"6:Attn19s"
472,7,598,0,0,25,"6:Attn19s"
430,5,466,0,1,25,"6:Attn19s"
457,3,948,1,0,25,"6:Attn19s"
475,3,448,1,0,26,"6:Attn19s"
20,7,438,0,0,26,"6:Attn19s"
428,7,664,0,0,26,"6:Attn19s"
442,3,672,1,0,26,"6:Attn19s"
460,3,472,1,0,26,"6:Attn19s"
458,1,390,1,1,26,"6:Attn19s"
420,1,699,1,1,26,"6:Attn19s"
263,5,456,0,1,26,"6:Attn19s"
417,1,455,1,1,26,"6:Attn19s"
474,5,609,0,1,26,"6:Attn19s"
148,5,681,0,1,26,"6:Attn19s"
440,7,438,0,0,26,"6:Attn19s"
444,3,487,1,0,26,"6:Attn19s"
469,1,459,1,1,26,"6:Attn19s"
466,1,476,1,1,26,"6:Attn19s"
450,5,936,0,1,26,"6:Attn19s"
439,7,523,0,0,26,"6:Attn19s"
421,3,524,1,0,26,"6:Attn19s"
410,5,560,0,1,26,"6:Attn19s"
405,1,418,1,1,26,"6:Attn19s"
437,3,422,1,0,26,"6:Attn19s"
434,3,412,1,0,26,"6:Attn19s"
445,7,574,0,0,26,"6:Attn19s"
409,5,544,0,1,26,"6:Attn19s"
429,3,511,1,0,26,"6:Attn19s"
435,7,742,0,0,26,"6:Attn19s"
454,7,493,0,0,26,"6:Attn19s"
471,7,435,0,0,26,"6:Attn19s"
451,1,407,1,1,26,"6:Attn19s"
455,5,536,0,1,26,"6:Attn19s"
470,5,751,0,1,26,"6:Attn19s"
414,1,783,1,1,26,"6:Attn19s"
472,1,609,1,1,26,"6:Attn19s"
412,1,971,1,1,26,"6:Attn19s"
423,5,461,0,1,27,"6:Attn19s"
416,1,587,1,1,27,"6:Attn19s"
431,5,695,0,1,27,"6:Attn19s"
460,7,455,0,0,27,"6:Attn19s"
458,5,318,0,1,27,"6:Attn19s"
420,3,592,1,0,27,"6:Attn19s"
461,1,1306,1,1,27,"6:Attn19s"
468,7,416,0,0,27,"6:Attn19s"
404,1,1126,1,1,27,"6:Attn19s"
474,5,328,0,1,27,"6:Attn19s"
440,7,430,0,0,27,"6:Attn19s"
444,1,494,1,1,27,"6:Attn19s"
273,7,408,0,0,27,"6:Attn19s"
447,3,387,1,0,27,"6:Attn19s"
221,5,480,0,1,27,"6:Attn19s"
439,5,512,0,1,27,"6:Attn19s"
407,7,460,0,0,27,"6:Attn19s"
421,1,687,1,1,27,"6:Attn19s"
410,3,507,1,0,27,"6:Attn19s"
405,5,581,0,1,27,"6:Attn19s"
437,5,468,0,1,27,"6:Attn19s"
435,7,397,0,0,27,"6:Attn19s"
441,1,570,1,1,27,"6:Attn19s"
456,7,484,0,0,27,"6:Attn19s"
454,1,497,1,1,27,"6:Attn19s"
471,7,376,0,0,27,"6:Attn19s"
451,5,407,0,1,27,"6:Attn19s"
473,7,381,0,0,27,"6:Attn19s"
452,5,580,0,1,27,"6:Attn19s"
455,1,615,1,1,27,"6:Attn19s"
463,1,528,1,1,27,"6:Attn19s"
425,1,420,1,1,27,"6:Attn19s"
422,5,491,0,1,27,"6:Attn19s"
419,5,496,0,1,27,"6:Attn19s"
464,7,581,0,0,27,"6:Attn19s"
406,5,600,0,1,27,"6:Attn19s"
436,5,518,0,1,27,"6:Attn19s"
438,5,670,0,1,27,"6:Attn19s"
457,7,792,0,0,27,"6:Attn19s"
467,1,566,1,1,28,"6:Attn19s"
475,5,626,0,1,28,"6:Attn19s"
423,3,622,1,0,28,"6:Attn19s"
460,7,452,0,0,28,"6:Attn19s"
418,3,715,1,0,28,"6:Attn19s"
148,3,899,1,0,28,"6:Attn19s"
413,1,447,1,1,28,"6:Attn19s"
221,5,859,0,1,28,"6:Attn19s"
439,1,482,1,1,28,"6:Attn19s"
415,5,406,0,1,28,"6:Attn19s"
407,1,399,1,1,28,"6:Attn19s"
421,1,509,1,1,28,"6:Attn19s"
410,1,458,1,1,28,"6:Attn19s"
411,7,495,0,0,28,"6:Attn19s"
449,3,556,1,0,28,"6:Attn19s"
408,1,417,1,1,28,"6:Attn19s"
437,5,526,0,1,28,"6:Attn19s"
445,3,460,1,0,28,"6:Attn19s"
409,7,664,0,0,28,"6:Attn19s"
435,7,411,0,0,28,"6:Attn19s"
441,1,515,1,1,28,"6:Attn19s"
456,3,435,1,0,28,"6:Attn19s"
454,5,439,0,1,28,"6:Attn19s"
471,1,469,1,1,28,"6:Attn19s"
432,3,811,1,0,28,"6:Attn19s"
473,5,376,0,1,28,"6:Attn19s"
427,7,1291,0,0,28,"6:Attn19s"
424,3,1041,1,0,28,"6:Attn19s"
455,1,471,1,1,28,"6:Attn19s"
470,1,982,1,1,28,"6:Attn19s"
465,3,363,1,0,28,"6:Attn19s"
459,5,438,0,1,28,"6:Attn19s"
436,1,422,1,1,28,"6:Attn19s"
438,3,539,1,0,28,"6:Attn19s"
457,7,968,0,0,28,"6:Attn19s"
467,5,511,0,1,29,"6:Attn19s"
475,3,425,1,0,29,"6:Attn19s"
20,3,456,1,0,29,"6:Attn19s"
423,1,486,1,1,29,"6:Attn19s"
416,5,666,0,1,29,"6:Attn19s"
428,3,433,1,0,29,"6:Attn19s"
460,1,510,1,1,29,"6:Attn19s"
448,5,726,0,1,29,"6:Attn19s"
458,1,369,1,1,29,"6:Attn19s"
418,3,709,1,0,29,"6:Attn19s"
404,5,1079,0,1,29,"6:Attn19s"
148,3,430,1,0,29,"6:Attn19s"
440,3,422,1,0,29,"6:Attn19s"
447,3,421,1,0,29,"6:Attn19s"
450,5,658,0,1,29,"6:Attn19s"
426,3,480,1,0,29,"6:Attn19s"
415,7,383,0,0,29,"6:Attn19s"
411,3,516,1,0,29,"6:Attn19s"
449,7,471,0,0,29,"6:Attn19s"
437,5,628,0,1,29,"6:Attn19s"
434,7,766,0,0,29,"6:Attn19s"
409,3,721,1,0,29,"6:Attn19s"
435,3,662,1,0,29,"6:Attn19s"
451,1,392,1,1,29,"6:Attn19s"
432,7,663,0,0,29,"6:Attn19s"
473,7,411,0,0,29,"6:Attn19s"
427,1,452,1,1,29,"6:Attn19s"
446,7,491,0,0,29,"6:Attn19s"
465,3,375,1,0,29,"6:Attn19s"
459,3,423,1,0,29,"6:Attn19s"
476,3,458,1,0,29,"6:Attn19s"
422,1,533,1,1,29,"6:Attn19s"
464,7,487,0,0,29,"6:Attn19s"
406,1,1583,1,1,29,"6:Attn19s"
438,1,482,1,1,29,"6:Attn19s"
433,3,617,1,0,29,"6:Attn19s"
467,3,527,1,0,30,"6:Attn19s"
20,1,425,1,1,30,"6:Attn19s"
431,1,534,1,1,30,"6:Attn19s"
442,1,519,1,1,30,"6:Attn19s"
448,7,464,0,0,30,"6:Attn19s"
263,1,416,1,1,30,"6:Attn19s"
461,3,729,1,0,30,"6:Attn19s"
468,7,539,0,0,30,"6:Attn19s"
474,5,611,0,1,30,"6:Attn19s"
148,1,518,1,1,30,"6:Attn19s"
440,5,542,0,1,30,"6:Attn19s"
273,3,1545,1,0,30,"6:Attn19s"
453,3,485,1,0,30,"6:Attn19s"
415,3,374,1,0,30,"6:Attn19s"
407,1,478,1,1,30,"6:Attn19s"
421,3,522,1,0,30,"6:Attn19s"
411,7,583,0,0,30,"6:Attn19s"
408,7,612,0,0,30,"6:Attn19s"
434,1,542,1,1,30,"6:Attn19s"
445,1,399,1,1,30,"6:Attn19s"
429,3,500,1,0,30,"6:Attn19s"
441,1,514,1,1,30,"6:Attn19s"
456,7,473,0,0,30,"6:Attn19s"
462,5,535,0,1,30,"6:Attn19s"
451,7,406,0,0,30,"6:Attn19s"
473,3,366,1,0,30,"6:Attn19s"
452,7,469,0,0,30,"6:Attn19s"
427,1,424,1,1,30,"6:Attn19s"
424,7,486,0,0,30,"6:Attn19s"
455,7,535,0,0,30,"6:Attn19s"
465,1,450,1,1,30,"6:Attn19s"
476,1,444,1,1,30,"6:Attn19s"
425,7,424,0,0,30,"6:Attn19s"
419,3,508,1,0,30,"6:Attn19s"
464,7,637,0,0,30,"6:Attn19s"
438,7,488,0,0,30,"6:Attn19s"
430,1,356,1,1,30,"6:Attn19s"
433,7,353,0,0,30,"6:Attn19s"
412,5,996,0,1,30,"6:Attn19s"
457,5,709,0,1,30,"6:Attn19s"
475,1,476,1,1,31,"6:Attn19s"
423,5,998,0,1,31,"6:Attn19s"
431,5,839,0,1,31,"6:Attn19s"
442,5,479,0,1,31,"6:Attn19s"
460,1,448,1,1,31,"6:Attn19s"
458,5,329,0,1,31,"6:Attn19s"
461,5,635,0,1,31,"6:Attn19s"
418,7,689,0,0,31,"6:Attn19s"
148,5,555,0,1,31,"6:Attn19s"
440,5,432,0,1,31,"6:Attn19s"
444,5,405,0,1,31,"6:Attn19s"
447,7,1120,0,0,31,"6:Attn19s"
469,5,686,0,1,31,"6:Attn19s"
413,7,543,0,0,31,"6:Attn19s"
450,3,645,1,0,31,"6:Attn19s"
439,7,558,0,0,31,"6:Attn19s"
453,7,451,0,0,31,"6:Attn19s"
407,3,478,1,0,31,"6:Attn19s"
411,3,625,1,0,31,"6:Attn19s"
449,1,762,1,1,31,"6:Attn19s"
405,1,477,1,1,31,"6:Attn19s"
408,5,382,0,1,31,"6:Attn19s"
434,5,424,0,1,31,"6:Attn19s"
429,7,618,0,0,31,"6:Attn19s"
462,3,743,1,0,31,"6:Attn19s"
454,3,505,1,0,31,"6:Attn19s"
432,3,765,1,0,31,"6:Attn19s"
446,5,444,0,1,31,"6:Attn19s"
470,5,1030,0,1,31,"6:Attn19s"
465,5,387,0,1,31,"6:Attn19s"
463,5,479,0,1,31,"6:Attn19s"
422,7,447,0,0,31,"6:Attn19s"
419,3,2609,1,0,31,"6:Attn19s"
406,7,407,0,0,31,"6:Attn19s"
475,1,642,1,1,32,"6:Attn19s"
416,1,696,1,1,32,"6:Attn19s"
428,7,421,0,0,32,"6:Attn19s"
431,3,519,1,0,32,"6:Attn19s"
442,5,383,0,1,32,"6:Attn19s"
263,3,389,1,0,32,"6:Attn19s"
461,7,1962,0,0,32,"6:Attn19s"
417,7,480,0,0,32,"6:Attn19s"
404,5,1146,0,1,32,"6:Attn19s"
474,1,464,1,1,32,"6:Attn19s"
447,5,488,0,1,32,"6:Attn19s"
426,7,448,0,0,32,"6:Attn19s"
453,5,452,0,1,32,"6:Attn19s"
407,5,598,0,1,32,"6:Attn19s"
421,5,577,0,1,32,"6:Attn19s"
411,3,531,1,0,32,"6:Attn19s"
449,3,652,1,0,32,"6:Attn19s"
408,1,417,1,1,32,"6:Attn19s"
434,5,407,0,1,32,"6:Attn19s"
409,5,660,0,1,32,"6:Attn19s"
429,3,448,1,0,32,"6:Attn19s"
441,1,522,1,1,32,"6:Attn19s"
456,5,432,0,1,32,"6:Attn19s"
462,5,542,0,1,32,"6:Attn19s"
451,3,487,1,0,32,"6:Attn19s"
473,7,371,0,0,32,"6:Attn19s"
427,7,341,0,0,32,"6:Attn19s"
446,3,509,1,0,32,"6:Attn19s"
424,1,326,1,1,32,"6:Attn19s"
455,1,567,1,1,32,"6:Attn19s"
465,5,359,0,1,32,"6:Attn19s"
463,1,431,1,1,32,"6:Attn19s"
422,7,472,0,0,32,"6:Attn19s"
419,5,379,0,1,32,"6:Attn19s"
464,3,431,1,0,32,"6:Attn19s"
472,7,550,0,0,32,"6:Attn19s"
438,5,512,0,1,32,"6:Attn19s"
412,5,1052,0,1,32,"6:Attn19s"
467,1,478,1,1,33,"6:Attn19s"
442,3,415,1,0,33,"6:Attn19s"
418,5,673,0,1,33,"6:Attn19s"
417,1,535,1,1,33,"6:Attn19s"
468,5,478,0,1,33,"6:Attn19s"
474,3,615,1,0,33,"6:Attn19s"
444,1,398,1,1,33,"6:Attn19s"
273,5,983,0,1,33,"6:Attn19s"
413,5,439,0,1,33,"6:Attn19s"
221,3,490,1,0,33,"6:Attn19s"
450,5,536,0,1,33,"6:Attn19s"
439,7,497,0,0,33,"6:Attn19s"
426,7,493,0,0,33,"6:Attn19s"
415,7,568,0,0,33,"6:Attn19s"
449,7,403,0,0,33,"6:Attn19s"
405,7,464,0,0,33,"6:Attn19s"
408,5,400,0,1,33,"6:Attn19s"
437,1,476,1,1,33,"6:Attn19s"
441,5,365,0,1,33,"6:Attn19s"
456,7,471,0,0,33,"6:Attn19s"
462,1,987,1,1,33,"6:Attn19s"
454,3,503,1,0,33,"6:Attn19s"
471,5,380,0,1,33,"6:Attn19s"
432,3,1166,1,0,33,"6:Attn19s"
427,3,468,1,0,33,"6:Attn19s"
446,3,600,1,0,33,"6:Attn19s"
463,7,414,0,0,33,"6:Attn19s"
459,1,473,1,1,33,"6:Attn19s"
425,7,476,0,0,33,"6:Attn19s"
414,3,1764,1,0,33,"6:Attn19s"
419,1,519,1,1,33,"6:Attn19s"
436,3,487,1,0,33,"6:Attn19s"
438,5,481,0,1,33,"6:Attn19s"
412,7,1199,0,0,33,"6:Attn19s"
467,1,528,1,1,34,"6:Attn19s"
475,1,487,1,1,34,"6:Attn19s"
423,1,60,1,1,34,"6:Attn19s"
431,1,664,1,1,34,"6:Attn19s"
460,3,521,1,0,34,"6:Attn19s"
448,7,495,0,0,34,"6:Attn19s"
458,3,463,1,0,34,"6:Attn19s"
461,3,1385,1,0,34,"6:Attn19s"
418,5,718,0,1,34,"6:Attn19s"
468,1,437,1,1,34,"6:Attn19s"
148,5,1545,0,1,34,"6:Attn19s"
440,3,407,1,0,34,"6:Attn19s"
273,5,423,0,1,34,"6:Attn19s"
469,3,381,1,0,34,"6:Attn19s"
466,7,1008,0,0,34,"6:Attn19s"
221,7,696,0,0,34,"6:Attn19s"
450,5,603,0,1,34,"6:Attn19s"
453,3,402,1,0,34,"6:Attn19s"
415,1,386,1,1,34,"6:Attn19s"
407,1,440,1,1,34,"6:Attn19s"
421,7,485,0,0,34,"6:Attn19s"
410,5,482,0,1,34,"6:Attn19s"
411,5,451,0,1,34,"6:Attn19s"
405,7,442,0,0,34,"6:Attn19s"
437,3,445,1,0,34,"6:Attn19s"
434,1,439,1,1,34,"6:Attn19s"
429,5,507,0,1,34,"6:Attn19s"
441,3,482,1,0,34,"6:Attn19s"
456,5,493,0,1,34,"6:Attn19s"
462,5,475,0,1,34,"6:Attn19s"
452,5,427,0,1,34,"6:Attn19s"
446,5,537,0,1,34,"6:Attn19s"
455,7,728,0,0,34,"6:Attn19s"
465,3,355,1,0,34,"6:Attn19s"
476,7,390,0,0,34,"6:Attn19s"
406,3,1019,1,0,34,"6:Attn19s"
472,3,1001,1,0,34,"6:Attn19s"
433,5,332,0,1,34,"6:Attn19s"
412,7,1076,0,0,34,"6:Attn19s"
467,5,462,0,1,35,"6:Attn19s"
475,1,767,1,1,35,"6:Attn19s"
20,1,424,1,1,35,"6:Attn19s"
423,7,511,0,0,35,"6:Attn19s"
431,1,551,1,1,35,"6:Attn19s"
442,3,559,1,0,35,"6:Attn19s"
460,5,465,0,1,35,"6:Attn19s"
448,5,489,0,1,35,"6:Attn19s"
148,1,568,1,1,35,"6:Attn19s"
440,1,494,1,1,35,"6:Attn19s"
444,1,462,1,1,35,"6:Attn19s"
469,3,847,1,0,35,"6:Attn19s"
221,7,626,0,0,35,"6:Attn19s"
453,3,415,1,0,35,"6:Attn19s"
415,1,391,1,1,35,"6:Attn19s"
410,3,456,1,0,35,"6:Attn19s"
443,5,791,0,1,35,"6:Attn19s"
449,1,365,1,1,35,"6:Attn19s"
405,7,442,0,0,35,"6:Attn19s"
437,3,440,1,0,35,"6:Attn19s"
445,7,863,0,0,35,"6:Attn19s"
429,3,444,1,0,35,"6:Attn19s"
435,7,432,0,0,35,"6:Attn19s"
441,7,482,0,0,35,"6:Attn19s"
462,7,492,0,0,35,"6:Attn19s"
471,5,406,0,1,35,"6:Attn19s"
451,1,393,1,1,35,"6:Attn19s"
452,3,579,1,0,35,"6:Attn19s"
427,5,443,0,1,35,"6:Attn19s"
424,5,525,0,1,35,"6:Attn19s"
455,3,535,1,0,35,"6:Attn19s"
470,1,766,1,1,35,"6:Attn19s"
463,1,455,1,1,35,"6:Attn19s"
476,7,411,0,0,35,"6:Attn19s"
425,7,477,0,0,35,"6:Attn19s"
2,5,522,0,1,35,"6:Attn19s"
414,5,869,0,1,35,"6:Attn19s"
419,5,602,0,1,35,"6:Attn19s"
464,3,552,1,0,35,"6:Attn19s"
406,7,865,0,0,35,"6:Attn19s"
436,7,423,0,0,35,"6:Attn19s"
472,5,559,0,1,35,"6:Attn19s"
438,3,713,1,0,35,"6:Attn19s"
430,1,407,1,1,35,"6:Attn19s"
467,7,623,0,0,36,"6:Attn19s"
475,7,472,0,0,36,"6:Attn19s"
20,3,533,1,0,36,"6:Attn19s"
428,1,417,1,1,36,"6:Attn19s"
458,5,446,0,1,36,"6:Attn19s"
420,1,616,1,1,36,"6:Attn19s"
418,7,714,0,0,36,"6:Attn19s"
417,7,580,0,0,36,"6:Attn19s"
468,5,622,0,1,36,"6:Attn19s"
404,1,1204,1,1,36,"6:Attn19s"
440,5,392,0,1,36,"6:Attn19s"
444,1,422,1,1,36,"6:Attn19s"
273,3,566,1,0,36,"6:Attn19s"
447,1,443,1,1,36,"6:Attn19s"
466,7,625,0,0,36,"6:Attn19s"
413,1,575,1,1,36,"6:Attn19s"
450,3,497,1,0,36,"6:Attn19s"
426,5,492,0,1,36,"6:Attn19s"
415,1,806,1,1,36,"6:Attn19s"
407,7,491,0,0,36,"6:Attn19s"
410,1,481,1,1,36,"6:Attn19s"
411,7,547,0,0,36,"6:Attn19s"
443,7,449,0,0,36,"6:Attn19s"
449,1,428,1,1,36,"6:Attn19s"
405,5,474,0,1,36,"6:Attn19s"
434,3,364,1,0,36,"6:Attn19s"
445,3,623,1,0,36,"6:Attn19s"
409,3,470,1,0,36,"6:Attn19s"
429,3,429,1,0,36,"6:Attn19s"
441,3,484,1,0,36,"6:Attn19s"
454,5,534,0,1,36,"6:Attn19s"
471,5,372,0,1,36,"6:Attn19s"
451,5,343,0,1,36,"6:Attn19s"
432,1,541,1,1,36,"6:Attn19s"
452,1,398,1,1,36,"6:Attn19s"
427,7,403,0,0,36,"6:Attn19s"
446,3,624,1,0,36,"6:Attn19s"
424,1,1447,1,1,36,"6:Attn19s"
470,7,766,0,0,36,"6:Attn19s"
463,5,463,0,1,36,"6:Attn19s"
459,7,536,0,0,36,"6:Attn19s"
476,5,682,0,1,36,"6:Attn19s"
425,3,420,1,0,36,"6:Attn19s"
2,7,417,0,0,36,"6:Attn19s"
406,5,506,0,1,36,"6:Attn19s"
436,3,511,1,0,36,"6:Attn19s"
433,7,375,0,0,36,"6:Attn19s"
412,5,1353,0,1,36,"6:Attn19s"
467,1,671,1,1,37,"6:Attn19s"
475,7,722,0,0,37,"6:Attn19s"
20,5,533,0,1,37,"6:Attn19s"
423,1,440,1,1,37,"6:Attn19s"
416,7,680,0,0,37,"6:Attn19s"
428,5,416,0,1,37,"6:Attn19s"
431,3,423,1,0,37,"6:Attn19s"
442,7,624,0,0,37,"6:Attn19s"
460,1,459,1,1,37,"6:Attn19s"
448,7,468,0,0,37,"6:Attn19s"
263,5,1113,0,1,37,"6:Attn19s"
461,7,1260,0,0,37,"6:Attn19s"
418,3,681,1,0,37,"6:Attn19s"
417,3,511,1,0,37,"6:Attn19s"
468,1,530,1,1,37,"6:Attn19s"
404,7,630,0,0,37,"6:Attn19s"
474,5,686,0,1,37,"6:Attn19s"
440,7,319,0,0,37,"6:Attn19s"
444,5,429,0,1,37,"6:Attn19s"
273,7,423,0,0,37,"6:Attn19s"
447,1,489,1,1,37,"6:Attn19s"
469,3,358,1,0,37,"6:Attn19s"
466,5,509,0,1,37,"6:Attn19s"
221,1,432,1,1,37,"6:Attn19s"
453,5,420,0,1,37,"6:Attn19s"
407,1,491,1,1,37,"6:Attn19s"
421,5,582,0,1,37,"6:Attn19s"
410,1,449,1,1,37,"6:Attn19s"
411,7,422,0,0,37,"6:Attn19s"
443,3,432,1,0,37,"6:Attn19s"
449,5,536,0,1,37,"6:Attn19s"
437,1,466,1,1,37,"6:Attn19s"
445,5,693,0,1,37,"6:Attn19s"
409,7,566,0,0,37,"6:Attn19s"
435,1,399,1,1,37,"6:Attn19s"
441,3,450,1,0,37,"6:Attn19s"
432,3,545,1,0,37,"6:Attn19s"
473,7,936,0,0,37,"6:Attn19s"
446,3,554,1,0,37,"6:Attn19s"
455,5,567,0,1,37,"6:Attn19s"
470,7,646,0,0,37,"6:Attn19s"
465,7,425,0,0,37,"6:Attn19s"
463,7,432,0,0,37,"6:Attn19s"
459,1,393,1,1,37,"6:Attn19s"
476,1,396,1,1,37,"6:Attn19s"
425,7,409,0,0,37,"6:Attn19s"
414,1,1125,1,1,37,"6:Attn19s"
436,1,470,1,1,37,"6:Attn19s"
438,5,468,0,1,37,"6:Attn19s"
475,3,398,1,0,38,"6:Attn19s"
20,1,447,1,1,38,"6:Attn19s"
416,1,583,1,1,38,"6:Attn19s"
431,5,1016,0,1,38,"6:Attn19s"
442,7,503,0,0,38,"6:Attn19s"
263,1,607,1,1,38,"6:Attn19s"
418,5,731,0,1,38,"6:Attn19s"
417,3,512,1,0,38,"6:Attn19s"
404,7,805,0,0,38,"6:Attn19s"
148,1,613,1,1,38,"6:Attn19s"
440,1,303,1,1,38,"6:Attn19s"
444,7,397,0,0,38,"6:Attn19s"
273,3,406,1,0,38,"6:Attn19s"
469,1,383,1,1,38,"6:Attn19s"
466,1,504,1,1,38,"6:Attn19s"
413,7,478,0,0,38,"6:Attn19s"
221,1,374,1,1,38,"6:Attn19s"
450,7,696,0,0,38,"6:Attn19s"
407,5,724,0,1,38,"6:Attn19s"
410,5,468,0,1,38,"6:Attn19s"
411,3,453,1,0,38,"6:Attn19s"
408,3,377,1,0,38,"6:Attn19s"
434,3,462,1,0,38,"6:Attn19s"
409,1,639,1,1,38,"6:Attn19s"
429,1,395,1,1,38,"6:Attn19s"
456,3,507,1,0,38,"6:Attn19s"
462,1,661,1,1,38,"6:Attn19s"
454,1,471,1,1,38,"6:Attn19s"
471,7,364,0,0,38,"6:Attn19s"
473,5,478,0,1,38,"6:Attn19s"
470,3,739,1,0,38,"6:Attn19s"
463,5,495,0,1,38,"6:Attn19s"
425,5,414,0,1,38,"6:Attn19s"
2,7,872,0,0,38,"6:Attn19s"
414,7,593,0,0,38,"6:Attn19s"
422,7,558,0,0,38,"6:Attn19s"
472,1,623,1,1,38,"6:Attn19s"
412,1,797,1,1,38,"6:Attn19s"
457,5,884,0,1,38,"6:Attn19s"
20,7,469,0,0,39,"6:Attn19s"
423,5,479,0,1,39,"6:Attn19s"
428,3,398,1,0,39,"6:Attn19s"
460,7,460,0,0,39,"6:Attn19s"
468,3,431,1,0,39,"6:Attn19s"
404,3,729,1,0,39,"6:Attn19s"
440,5,416,0,1,39,"6:Attn19s"
444,3,361,1,0,39,"6:Attn19s"
469,1,305,1,1,39,"6:Attn19s"
466,3,479,1,0,39,"6:Attn19s"
413,3,511,1,0,39,"6:Attn19s"
221,5,431,0,1,39,"6:Attn19s"
439,3,499,1,0,39,"6:Attn19s"
426,3,565,1,0,39,"6:Attn19s"
421,5,533,0,1,39,"6:Attn19s"
410,1,434,1,1,39,"6:Attn19s"
443,3,504,1,0,39,"6:Attn19s"
405,7,450,0,0,39,"6:Attn19s"
408,3,422,1,0,39,"6:Attn19s"
434,7,458,0,0,39,"6:Attn19s"
445,7,531,0,0,39,"6:Attn19s"
429,7,577,0,0,39,"6:Attn19s"
456,5,498,0,1,39,"6:Attn19s"
451,3,375,1,0,39,"6:Attn19s"
473,3,423,1,0,39,"6:Attn19s"
452,3,499,1,0,39,"6:Attn19s"
459,1,462,1,1,39,"6:Attn19s"
476,1,464,1,1,39,"6:Attn19s"
425,1,351,1,1,39,"6:Attn19s"
2,3,415,1,0,39,"6:Attn19s"
422,1,512,1,1,39,"6:Attn19s"
419,3,706,1,0,39,"6:Attn19s"
464,1,592,1,1,39,"6:Attn19s"
406,1,657,1,1,39,"6:Attn19s"
430,5,393,0,1,39,"6:Attn19s"
433,7,439,0,0,39,"6:Attn19s"
423,1,1749,1,1,40,"6:Attn19s"
431,7,632,0,0,40,"6:Attn19s"
442,1,577,1,1,40,"6:Attn19s"
448,7,829,0,0,40,"6:Attn19s"
263,7,578,0,0,40,"6:Attn19s"
417,7,561,0,0,40,"6:Attn19s"
468,5,398,0,1,40,"6:Attn19s"
148,1,542,1,1,40,"6:Attn19s"
440,5,438,0,1,40,"6:Attn19s"
413,5,430,0,1,40,"6:Attn19s"
221,7,434,0,0,40,"6:Attn19s"
439,5,507,0,1,40,"6:Attn19s"
426,1,528,1,1,40,"6:Attn19s"
415,3,399,1,0,40,"6:Attn19s"
411,1,547,1,1,40,"6:Attn19s"
443,5,462,0,1,40,"6:Attn19s"
408,5,397,0,1,40,"6:Attn19s"
437,3,538,1,0,40,"6:Attn19s"
445,1,545,1,1,40,"6:Attn19s"
409,1,514,1,1,40,"6:Attn19s"
429,1,467,1,1,40,"6:Attn19s"
432,1,1220,1,1,40,"6:Attn19s"
473,5,510,0,1,40,"6:Attn19s"
452,7,563,0,0,40,"6:Attn19s"
427,3,408,1,0,40,"6:Attn19s"
446,7,657,0,0,40,"6:Attn19s"
470,7,710,0,0,40,"6:Attn19s"
465,1,368,1,1,40,"6:Attn19s"
459,3,438,1,0,40,"6:Attn19s"
425,3,387,1,0,40,"6:Attn19s"
414,5,617,0,1,40,"6:Attn19s"
419,3,449,1,0,40,"6:Attn19s"
406,1,559,1,1,40,"6:Attn19s"
472,5,614,0,1,40,"6:Attn19s"
438,7,508,0,0,40,"6:Attn19s"
